campaign_id,campaign_name,channel,region,budget,spend,clicks,conversions,revenue_attributed,roi,campaign_start,campaign_end,campaign_month
CMP001,Conversion 2024 -- Meta Ads (East),Meta Ads,East,69572.07,66415.99,15544,1206,2751064.53,4042.2,2024-10-02,2024-10-16,2024-10
CMP002,Enterprise 2026 -- LinkedIn (North),LinkedIn,North,64518.23,64194.78,14253,1925,3535142.5,5406.9,2026-05-10,2026-05-19,2026-05
CMP003,SMB 2026 -- Email (Central),Email,Central,25563.31,22801.99,20086,2854,5085844.86,22204.4,2026-04-04,2026-04-12,2026-04
CMP004,Q3 2026 -- LinkedIn (South),LinkedIn,South,93263.97,74519.69,36910,5596,11962144.77,15952.3,2026-04-12,2026-04-28,2026-04
CMP005,Product Launch 2025 -- Content Marketing (West),Content Marketing,West,19576.22,17027.21,25629,2781,4755193.95,27827.0,2025-11-04,2025-11-24,2025-11
CMP006,Q4 2024 -- Webinar (East),Webinar,East,80147.93,78034.95,31762,5297,5655685.16,7147.6,2024-04-05,2024-04-21,2024-04
CMP007,Retargeting 2024 -- Email (North),Email,North,14620.47,14155.22,21134,1986,882666.13,6135.6,2024-06-06,2024-06-21,2024-06
CMP008,Awareness 2024 -- Email (North),Email,North,82089.36,73003.96,12519,2122,2168337.93,2870.2,2024-06-01,2024-06-14,2024-06
CMP009,Product Launch 2025 -- Email (East),Email,East,55835.9,50196.06,1220,44,37203.36,-25.9,2025-07-04,2025-07-24,2025-07
CMP010,Q4 2025 -- LinkedIn (East),LinkedIn,East,61933.48,50124.89,43546,1792,3198153.71,6280.4,2025-01-14,2025-01-28,2025-01
CMP011,Product Launch 2026 -- Webinar (North),Webinar,North,96663.48,81248.45,8466,987,2124788.75,2515.2,2026-04-07,2026-04-25,2026-04
CMP012,Enterprise 2024 -- LinkedIn (North),LinkedIn,North,98566.64,74099.64,43900,1441,3461695.62,4571.7,2024-10-15,2024-10-24,2024-10
CMP013,Seasonal 2026 -- Webinar (North),Webinar,North,45292.58,38671.69,38566,3607,5303527.38,13614.2,2026-01-02,2026-01-22,2026-01
CMP014,Q2 2026 -- Content Marketing (East),Content Marketing,East,18234.93,7741.85,15338,309,320848.97,4044.3,2026-05-11,2026-05-26,2026-05
CMP015,Brand 2024 -- Events (Central),Events,Central,86100.97,78911.74,24806,3799,6145109.22,7687.3,2024-11-13,2024-11-23,2024-11
CMP016,Retargeting 2025 -- Content Marketing (Central),Content Marketing,Central,93555.94,71887.83,17481,2210,3080031.62,4184.5,2025-08-03,2025-08-13,2025-08
CMP017,Enterprise 2025 -- Webinar (West),Webinar,West,86327.44,85004.23,20975,2851,898028.29,956.5,2025-11-04,2025-11-21,2025-11
CMP018,Q3 2024 -- Meta Ads (South),Meta Ads,South,6994.17,5618.63,5548,578,1423334.16,25232.4,2024-09-09,2024-09-18,2024-09
CMP019,Retargeting 2025 -- Google Ads (East),Google Ads,East,64600.95,60043.09,2104,94,105433.31,75.6,2025-07-02,2025-07-19,2025-07
CMP020,Enterprise 2026 -- Webinar (North),Webinar,North,53140.58,44065.02,41204,4842,1478632.45,3255.6,2026-04-10,2026-04-20,2026-04
CMP021,Q3 2025 -- Email (West),Email,West,26406.18,23616.4,4638,621,1164564.87,4831.2,2025-01-14,2025-01-24,2025-01
CMP022,Retargeting 2024 -- LinkedIn (South),LinkedIn,South,81478.92,77507.7,6864,329,735956.24,849.5,2024-09-03,2024-09-24,2024-09
CMP023,Product Launch 2026 -- Email (South),Email,South,58928.69,56654.92,11040,1874,1659614.58,2829.3,2026-03-10,2026-03-28,2026-03
CMP024,Brand 2025 -- Email (Central),Email,Central,31450.01,31146.78,41474,3677,6630239.57,21187.1,2025-05-05,2025-05-22,2025-05
CMP025,Q2 2026 -- Email (Central),Email,Central,12066.62,11412.47,14785,817,940613.21,8142.0,2026-01-14,2026-01-28,2026-01
CMP026,Brand 2026 -- Events (North),Events,North,52469.8,40469.6,22085,1562,1510675.84,3632.9,2026-05-01,2026-05-13,2026-05
CMP027,Q3 2026 -- Content Marketing (North),Content Marketing,North,79099.88,69818.43,40160,1138,2637191.76,3677.2,2026-04-12,2026-04-28,2026-04
CMP028,Awareness 2026 -- Google Ads (Central),Google Ads,Central,30312.43,25691.1,15625,1482,627093.67,2340.9,2026-02-01,2026-02-19,2026-02
CMP029,Q4 2025 -- Webinar (South),Webinar,South,18846.65,15661.57,19661,621,1255236.3,7914.8,2025-07-12,2025-07-19,2025-07
CMP030,Product Launch 2025 -- Events (South),Events,South,58938.52,51419.52,15101,2045,4969150.91,9563.9,2025-06-11,2025-06-27,2025-06
CMP031,Product Launch 2026 -- Meta Ads (Central),Meta Ads,Central,35005.48,29284.33,37183,6464,13366845.95,45545.0,2026-03-08,2026-03-28,2026-03
CMP032,Q2 2025 -- Webinar (East),Webinar,East,11117.11,10214.99,25858,4502,5500168.02,53744.1,2025-05-11,2025-05-19,2025-05
CMP033,Enterprise 2026 -- Webinar (South),Webinar,South,95994.97,83108.04,28451,1042,548857.65,560.4,2026-04-03,2026-04-15,2026-04
CMP034,Q1 2026 -- LinkedIn (Central),LinkedIn,Central,80665.85,71450.59,23890,1998,1469978.7,1957.3,2026-02-04,2026-02-14,2026-02
CMP035,Holiday 2024 -- Webinar (Central),Webinar,Central,99451.5,88477.51,33707,3189,7684339.35,8585.1,2024-10-03,2024-10-20,2024-10
CMP036,Retargeting 2024 -- Content Marketing (South),Content Marketing,South,73031.09,64354.34,5654,268,318179.08,394.4,2024-01-15,2024-01-28,2024-01
CMP037,Q3 2025 -- LinkedIn (West),LinkedIn,West,5253.59,4115.84,4397,522,1114804.83,26985.7,2025-09-06,2025-09-15,2025-09
CMP038,Regional 2024 -- LinkedIn (Central),LinkedIn,Central,68974.71,59263.99,10696,1052,1883858.08,3078.8,2024-09-08,2024-09-19,2024-09
CMP039,Product Launch 2025 -- Webinar (South),Webinar,South,74480.05,61953.21,21959,760,1380942.94,2129.0,2025-06-02,2025-06-11,2025-06
CMP040,Product Launch 2024 -- LinkedIn (North),LinkedIn,North,33839.59,29929.14,16972,2267,1026339.12,3329.2,2024-01-09,2024-01-17,2024-01
CMP041,Enterprise 2026 -- Meta Ads (South),Meta Ads,South,6019.86,5194.83,8654,506,121426.27,2237.4,2026-01-01,2026-01-11,2026-01
CMP042,Retargeting 2024 -- Meta Ads (Central),Meta Ads,Central,30813.07,24206.33,42126,2693,6705696.16,27602.2,2024-12-15,2024-12-25,2024-12
CMP043,Conversion 2024 -- Content Marketing (East),Content Marketing,East,59447.1,57209.22,36916,916,1442187.0,2420.9,2024-10-02,2024-10-15,2024-10
CMP044,Regional 2025 -- Webinar (West),Webinar,West,90485.94,77507.37,25464,3915,4922825.89,6251.4,2025-04-02,2025-04-15,2025-04
CMP045,Holiday 2024 -- Google Ads (East),Google Ads,East,40512.55,39599.82,4412,753,802251.27,1925.9,2024-04-14,2024-04-21,2024-04
CMP046,Q1 2025 -- Email (West),Email,West,70148.55,57651.49,21911,2374,913166.43,1483.9,2025-10-08,2025-10-15,2025-10
CMP047,Enterprise 2025 -- Email (North),Email,North,83862.88,66460.42,435,49,41401.95,-37.7,2025-05-03,2025-05-19,2025-05
CMP048,Retargeting 2024 -- LinkedIn (North),LinkedIn,North,62934.75,59883.26,40522,4526,8178192.49,13556.9,2024-06-14,2024-06-21,2024-06
CMP049,Regional 2026 -- Webinar (North),Webinar,North,20430.72,17015.81,10672,1405,2509805.19,14649.8,2026-02-02,2026-02-14,2026-02
CMP050,Regional 2026 -- Webinar (South),Webinar,South,57083.57,56856.75,42662,3891,3364849.49,5818.1,2026-01-06,2026-01-21,2026-01
CMP051,Awareness 2026 -- LinkedIn (East),LinkedIn,East,34075.94,34033.84,11626,1978,3765038.47,10962.6,2026-01-12,2026-01-28,2026-01
CMP052,Q2 2025 -- Events (South),Events,South,16002.09,13320.19,10630,1602,1442524.19,10729.6,2025-01-13,2025-01-21,2025-01
CMP053,Brand 2024 -- Content Marketing (West),Content Marketing,West,57455.51,45636.46,2846,157,386292.08,746.5,2024-08-08,2024-08-26,2024-08
CMP054,Holiday 2026 -- Events (East),Events,East,91305.22,76667.72,35173,5717,7675771.11,9911.7,2026-01-04,2026-01-11,2026-01
CMP055,Conversion 2024 -- Email (Central),Email,Central,89440.46,85938.75,8801,426,1056645.08,1129.5,2024-09-07,2024-09-15,2024-09
CMP056,Holiday 2026 -- LinkedIn (South),LinkedIn,South,67771.33,57003.57,12065,328,616857.38,982.1,2026-03-12,2026-03-28,2026-03
CMP057,SMB 2025 -- Events (East),Events,East,61960.51,61690.28,5984,222,131571.02,113.3,2025-08-06,2025-08-20,2025-08
CMP058,Holiday 2026 -- Events (West),Events,West,77066.63,66811.68,9558,867,639645.02,857.4,2026-02-01,2026-02-19,2026-02
CMP059,Regional 2025 -- Google Ads (North),Google Ads,North,38881.28,34318.63,30658,5084,1228260.49,3479.0,2025-01-09,2025-01-25,2025-01
CMP060,Conversion 2026 -- LinkedIn (North),LinkedIn,North,24485.07,20683.25,34389,3962,4094760.14,19697.5,2026-02-03,2026-02-11,2026-02
CMP061,Retargeting 2024 -- Events (North),Events,North,76091.67,59539.92,33465,4072,9109418.65,15199.7,2024-05-08,2024-05-21,2024-05
CMP062,SMB 2026 -- Events (Central),Events,Central,31672.51,30900.52,7856,1096,2045934.07,6521.0,2026-02-01,2026-02-18,2026-02
CMP063,Regional 2026 -- Events (Central),Events,Central,85335.88,66703.77,7089,860,2006550.05,2908.2,2026-04-10,2026-04-28,2026-04
CMP064,SMB 2024 -- Google Ads (West),Google Ads,West,76075.99,73830.38,44543,3404,7139937.9,9570.7,2024-04-09,2024-04-26,2024-04
CMP065,Brand 2026 -- LinkedIn (Central),LinkedIn,Central,42673.58,38960.56,35989,5170,3912533.34,9942.3,2026-05-14,2026-05-28,2026-05
CMP066,Q1 2025 -- Events (South),Events,South,72617.61,70739.45,760,93,116726.19,65.0,2025-07-12,2025-07-22,2025-07
CMP067,Regional 2025 -- Events (West),Events,West,79380.81,73982.89,19676,2854,2524897.84,3312.8,2025-10-10,2025-10-26,2025-10
CMP068,Q1 2025 -- Content Marketing (East),Content Marketing,East,47930.45,42916.09,11364,1579,739411.98,1622.9,2025-05-02,2025-05-22,2025-05
CMP069,SMB 2026 -- LinkedIn (East),LinkedIn,East,83882.74,83746.73,7351,957,213250.73,154.6,2026-02-05,2026-02-24,2026-02
CMP070,Brand 2025 -- Meta Ads (East),Meta Ads,East,24883.31,22464.8,21786,3763,6195973.15,27480.8,2025-10-11,2025-10-28,2025-10
CMP071,Awareness 2024 -- Webinar (Central),Webinar,Central,79367.52,78695.41,24046,2428,2157109.25,2641.1,2024-08-13,2024-08-28,2024-08
CMP072,Enterprise 2024 -- Content Marketing (Central),Content Marketing,Central,68269.35,64810.96,4921,396,549126.04,747.3,2024-11-08,2024-11-20,2024-11
CMP073,Awareness 2026 -- LinkedIn (South),LinkedIn,South,24999.01,24974.5,42939,5461,11167582.68,44615.9,2026-01-08,2026-01-28,2026-01
CMP074,Retargeting 2025 -- Email (West),Email,West,65497.99,52288.77,43295,1042,1690209.98,3132.5,2025-02-15,2025-02-28,2025-02
CMP075,Q3 2026 -- Events (West),Events,West,19118.16,15281.96,33036,2360,429725.31,2712.0,2026-02-07,2026-02-23,2026-02
CMP076,Q3 2026 -- Email (South),Email,South,95623.85,79679.31,3032,413,279555.38,250.9,2026-05-10,2026-05-22,2026-05
CMP077,Q3 2026 -- Content Marketing (South),Content Marketing,South,48567.07,40232.5,44172,5907,12114227.95,30010.6,2026-04-06,2026-04-16,2026-04
CMP078,Awareness 2025 -- Events (East),Events,East,10094.86,7923.59,8585,509,652979.72,8141.0,2025-03-05,2025-03-21,2025-03
CMP079,Q1 2025 -- LinkedIn (North),LinkedIn,North,60590.21,56202.89,20775,1639,2922210.22,5099.4,2025-10-06,2025-10-27,2025-10
CMP080,SMB 2024 -- Meta Ads (North),Meta Ads,North,28890.26,23072.93,20461,1278,2994822.97,12879.8,2024-01-07,2024-01-15,2024-01
CMP081,Q2 2025 -- Events (East),Events,East,77767.28,60420.77,37143,2224,3796988.72,6184.2,2025-08-13,2025-08-26,2025-08
CMP082,Conversion 2024 -- Webinar (North),Webinar,North,79641.08,76509.97,21494,531,996748.52,1202.8,2024-08-11,2024-08-28,2024-08
CMP083,Retargeting 2024 -- Meta Ads (North),Meta Ads,North,27501.25,25507.99,1931,151,127699.66,400.6,2024-03-15,2024-03-28,2024-03
CMP084,Q1 2026 -- Events (West),Events,West,93996.94,79215.41,21423,3209,3046165.76,3745.4,2026-03-04,2026-03-21,2026-03
CMP085,Seasonal 2024 -- Google Ads (East),Google Ads,East,45726.87,40007.84,32134,4592,7225193.21,17959.4,2024-07-04,2024-07-22,2024-07
CMP086,SMB 2024 -- Content Marketing (East),Content Marketing,East,43944.54,43792.54,37985,5154,1520603.16,3372.3,2024-04-11,2024-04-20,2024-04
CMP087,Awareness 2024 -- Google Ads (West),Google Ads,West,83356.93,70859.8,24909,3371,8293231.51,11603.7,2024-09-03,2024-09-21,2024-09
CMP088,Q3 2026 -- Email (South),Email,South,19218.33,17124.66,24744,4251,7396129.03,43089.9,2026-01-03,2026-01-20,2026-01
CMP089,Retargeting 2025 -- Google Ads (West),Google Ads,West,94162.35,81502.86,4599,795,1386325.62,1601.0,2025-10-01,2025-10-14,2025-10
CMP090,Q4 2024 -- Google Ads (South),Google Ads,South,29020.88,26202.96,30156,2708,3432971.57,13001.5,2024-04-10,2024-04-28,2024-04
CMP091,Brand 2025 -- Google Ads (South),Google Ads,South,66660.08,61425.05,15352,1751,2876374.33,4582.7,2025-03-12,2025-03-20,2025-03
CMP092,Enterprise 2026 -- Webinar (North),Webinar,North,79403.68,71649.92,7571,154,145123.64,102.5,2026-02-10,2026-02-28,2026-02
CMP093,Enterprise 2024 -- Email (North),Email,North,9001.75,6876.56,36849,1479,726923.18,10471.0,2024-03-03,2024-03-24,2024-03
CMP094,Q3 2025 -- Webinar (South),Webinar,South,48132.85,36751.13,18948,2259,2059651.43,5504.3,2025-08-12,2025-08-23,2025-08
CMP095,Q3 2025 -- Events (Central),Events,Central,10903.25,8704.92,10605,1387,1898247.95,21706.6,2025-03-15,2025-03-28,2025-03
CMP096,Q1 2024 -- Google Ads (North),Google Ads,North,90645.99,73846.71,27665,2171,3282630.53,4345.2,2024-07-10,2024-07-25,2024-07
CMP097,Regional 2025 -- Webinar (South),Webinar,South,58947.48,56272.35,1474,182,406292.04,622.0,2025-08-07,2025-08-14,2025-08
CMP098,Regional 2024 -- Email (East),Email,East,99935.76,79371.08,30414,1666,2403644.68,2928.4,2024-12-11,2024-12-22,2024-12
CMP099,Holiday 2025 -- Email (East),Email,East,6338.93,4759.91,39914,2539,2278724.41,47773.3,2025-09-15,2025-09-28,2025-09
CMP100,Product Launch 2024 -- Email (West),Email,West,53825.16,48532.31,10237,1098,564809.59,1063.8,2024-07-02,2024-07-11,2024-07
CMP101,Q3 2026 -- Google Ads (Central),Google Ads,Central,89890.18,82856.66,4866,648,1248268.45,1406.5,2026-02-09,2026-02-28,2026-02
CMP102,Q4 2025 -- Google Ads (East),Google Ads,East,87240.24,67055.72,34013,5804,1324456.36,1875.2,2025-01-01,2025-01-13,2025-01
CMP103,Q1 2026 -- Webinar (West),Webinar,West,80515.36,61881.5,42225,3556,3087297.14,4889.0,2026-04-09,2026-04-24,2026-04
CMP104,Q3 2026 -- Content Marketing (West),Content Marketing,West,49290.15,43420.88,8274,1330,2577910.11,5837.0,2026-03-11,2026-03-19,2026-03
CMP105,Retargeting 2026 -- Meta Ads (East),Meta Ads,East,70138.93,54063.19,26342,3864,1349080.56,2395.4,2026-03-04,2026-03-16,2026-03
CMP106,Brand 2026 -- Google Ads (Central),Google Ads,Central,6873.45,5911.15,7966,759,1348384.05,22710.9,2026-05-11,2026-05-22,2026-05
CMP107,SMB 2024 -- Email (West),Email,West,49397.23,38325.59,3792,361,296126.5,672.7,2024-06-03,2024-06-10,2024-06
CMP108,Seasonal 2024 -- Meta Ads (East),Meta Ads,East,74540.9,67032.82,29888,3942,6595258.74,9738.9,2024-07-09,2024-07-25,2024-07
CMP109,Q2 2024 -- Email (East),Email,East,13701.12,13448.93,37598,6317,1708229.71,12601.6,2024-11-01,2024-11-13,2024-11
CMP110,Seasonal 2024 -- Google Ads (West),Google Ads,West,7667.32,6089.02,24594,681,659096.74,10724.3,2024-08-09,2024-08-27,2024-08
CMP111,Retargeting 2025 -- Events (East),Events,East,26816.14,24688.8,11709,295,52537.93,112.8,2025-03-11,2025-03-28,2025-03
CMP112,Conversion 2025 -- Events (South),Events,South,62289.38,50906.47,30393,3887,6556549.2,12779.6,2025-06-15,2025-06-28,2025-06
CMP113,Product Launch 2024 -- Webinar (East),Webinar,East,87371.47,87104.2,20465,1242,2404757.1,2660.8,2024-10-07,2024-10-19,2024-10
CMP114,Product Launch 2025 -- Meta Ads (East),Meta Ads,East,77537.41,63152.58,42696,1986,1610664.93,2450.4,2025-11-11,2025-11-28,2025-11
CMP115,Q4 2024 -- LinkedIn (West),LinkedIn,West,46876.8,35618.74,44760,6988,2574042.4,7126.7,2024-06-13,2024-06-28,2024-06
CMP116,Regional 2025 -- Meta Ads (South),Meta Ads,South,47193.16,40394.38,26117,3621,7107657.28,17495.7,2025-10-13,2025-10-23,2025-10
CMP117,Retargeting 2025 -- Email (Central),Email,Central,90548.41,85276.74,514,79,71300.82,-16.4,2025-09-02,2025-09-20,2025-09
CMP118,Retargeting 2024 -- Content Marketing (West),Content Marketing,West,9410.51,7912.29,19747,2339,2499960.37,31495.9,2024-08-05,2024-08-21,2024-08
CMP119,Q1 2025 -- Google Ads (Central),Google Ads,Central,53973.27,43332.96,22312,2243,1237353.8,2755.5,2025-05-10,2025-05-26,2025-05
CMP120,Seasonal 2025 -- Webinar (North),Webinar,North,7546.87,6824.64,36758,3303,1913245.47,27934.4,2025-08-05,2025-08-16,2025-08
CMP121,Awareness 2024 -- Content Marketing (East),Content Marketing,East,61160.43,47356.08,7838,270,651395.29,1275.5,2024-06-03,2024-06-17,2024-06
CMP122,Enterprise 2026 -- LinkedIn (Central),LinkedIn,Central,69355.66,67570.93,40156,4361,10856030.39,15966.1,2026-01-09,2026-01-20,2026-01
CMP123,Seasonal 2024 -- Events (East),Events,East,83541.52,71261.96,32973,4173,1138982.83,1498.3,2024-03-02,2024-03-12,2024-03
CMP124,Awareness 2026 -- Webinar (West),Webinar,West,94014.45,83011.78,2813,454,225784.31,172.0,2026-02-11,2026-02-22,2026-02
CMP125,Retargeting 2024 -- LinkedIn (West),LinkedIn,West,93580.61,70387.87,21950,1480,3095643.12,4298.0,2024-06-10,2024-06-24,2024-06
CMP126,Awareness 2025 -- Events (Central),Events,Central,62926.97,62429.62,18675,1779,3122605.89,4901.8,2025-09-14,2025-09-22,2025-09
CMP127,Enterprise 2026 -- Webinar (Central),Webinar,Central,5467.39,4339.06,16446,2790,6702319.87,154364.8,2026-03-08,2026-03-19,2026-03
CMP128,Conversion 2026 -- Webinar (West),Webinar,West,88560.01,68204.58,28366,923,535736.52,685.5,2026-03-11,2026-03-25,2026-03
CMP129,Q3 2024 -- Events (East),Events,East,64042.0,62393.81,27975,2555,6043694.0,9586.4,2024-05-06,2024-05-25,2024-05
CMP130,SMB 2026 -- Events (West),Events,West,61019.63,54029.19,30413,5185,4806550.85,8796.2,2026-05-11,2026-05-27,2026-05
CMP131,Conversion 2026 -- LinkedIn (East),LinkedIn,East,33016.54,25334.18,18395,380,876834.1,3361.1,2026-03-15,2026-03-28,2026-03
CMP132,Q1 2026 -- Webinar (South),Webinar,South,70669.3,70007.85,28705,1409,1713547.34,2347.7,2026-02-07,2026-02-28,2026-02
CMP133,Q4 2026 -- Webinar (North),Webinar,North,54013.59,40877.69,10239,1581,3363576.52,8128.4,2026-02-05,2026-02-18,2026-02
CMP134,Enterprise 2025 -- LinkedIn (Central),LinkedIn,Central,73282.86,67220.16,26881,1048,2341917.54,3384.0,2025-08-10,2025-08-20,2025-08
CMP135,Q3 2026 -- Email (East),Email,East,71616.9,31905.25,4269,745,919374.58,2781.6,2026-04-03,2026-04-21,2026-04
CMP136,Brand 2025 -- Webinar (North),Webinar,North,7874.32,6527.95,15408,559,129989.61,1891.3,2025-06-10,2025-06-21,2025-06
CMP137,Q1 2026 -- Email (South),Email,South,25252.08,21716.74,44449,2142,4775882.62,21891.7,2026-03-04,2026-03-14,2026-03
CMP138,Q3 2026 -- Google Ads (West),Google Ads,West,32005.54,27657.33,23278,2023,4399432.18,15806.9,2026-04-11,2026-04-28,2026-04
CMP139,Awareness 2026 -- Meta Ads (North),Meta Ads,North,6361.94,5637.52,12390,1353,1755428.98,31038.3,2026-01-04,2026-01-19,2026-01
CMP140,Holiday 2025 -- Email (North),Email,North,37938.1,36627.02,21913,2238,2316925.53,6225.7,2025-02-06,2025-02-24,2025-02
CMP141,Q2 2025 -- Email (East),Email,East,54674.11,41398.17,41387,6486,11347618.2,27310.9,2025-12-14,2025-12-25,2025-12
CMP142,Retargeting 2024 -- LinkedIn (South),LinkedIn,South,54714.6,48426.45,28563,3240,7424883.4,15232.3,2024-02-03,2024-02-24,2024-02
CMP143,Awareness 2026 -- Content Marketing (East),Content Marketing,East,62543.46,58809.3,11708,1239,2778852.85,4625.2,2026-03-07,2026-03-23,2026-03
CMP144,Q1 2025 -- LinkedIn (Central),LinkedIn,Central,28041.2,25726.74,44404,2078,3324177.47,12821.1,2025-01-06,2025-01-15,2025-01
CMP145,Conversion 2025 -- Content Marketing (Central),Content Marketing,Central,87163.02,69939.79,10642,1775,1133808.11,1521.1,2025-02-13,2025-02-28,2025-02
CMP146,Conversion 2026 -- Email (West),Email,West,47038.83,45541.81,31692,3398,1597170.29,3407.0,2026-04-05,2026-04-14,2026-04
CMP147,Q3 2026 -- Webinar (Central),Webinar,Central,55272.51,51662.95,2104,285,142906.58,176.6,2026-03-03,2026-03-17,2026-03
CMP148,Holiday 2025 -- Email (Central),Email,Central,46574.99,35862.67,675,57,97739.01,172.5,2025-09-04,2025-09-24,2025-09
CMP149,Seasonal 2024 -- Content Marketing (South),Content Marketing,South,82260.25,77209.31,41920,5561,7111383.69,9110.5,2024-05-11,2024-05-28,2024-05
CMP150,Regional 2024 -- Email (East),Email,East,81400.9,78128.97,32948,4055,7918170.54,10034.7,2024-04-11,2024-04-20,2024-04
CMP151,Seasonal 2025 -- LinkedIn (North),LinkedIn,North,72043.29,62494.24,4190,714,1409065.05,2154.7,2025-04-06,2025-04-21,2025-04
CMP152,Seasonal 2026 -- Webinar (South),Webinar,South,82502.4,78585.73,1684,117,62426.52,-20.6,2026-02-03,2026-02-18,2026-02
CMP153,Seasonal 2026 -- Google Ads (East),Google Ads,East,32583.61,27781.96,39759,5416,9726275.17,34909.3,2026-02-06,2026-02-18,2026-02
CMP154,Holiday 2025 -- Events (South),Events,South,14904.81,12727.1,36763,3896,9321958.48,73145.0,2025-08-11,2025-08-18,2025-08
CMP155,Regional 2026 -- Content Marketing (East),Content Marketing,East,32121.47,17090.19,30361,1738,1114533.48,6421.5,2026-04-11,2026-04-28,2026-04
CMP156,Brand 2026 -- Email (East),Email,East,68764.3,67006.97,44183,3932,7484013.35,11069.0,2026-01-05,2026-01-16,2026-01
CMP157,Q2 2026 -- Meta Ads (South),Meta Ads,South,96660.06,76434.78,35875,4174,4081277.92,5239.6,2026-02-10,2026-02-28,2026-02
CMP158,Regional 2025 -- Webinar (West),Webinar,West,45207.86,35733.21,44593,5279,12453369.06,34751.0,2025-01-01,2025-01-18,2025-01
CMP159,Holiday 2026 -- Content Marketing (Central),Content Marketing,Central,8018.51,6840.95,41892,4558,4143781.42,60473.2,2026-03-03,2026-03-16,2026-03
CMP160,Regional 2024 -- Google Ads (North),Google Ads,North,95745.44,85594.52,2096,274,196488.45,129.6,2024-12-01,2024-12-11,2024-12
CMP161,Q4 2024 -- Email (Central),Email,Central,28536.36,24429.25,41130,1173,2632291.09,10675.2,2024-07-03,2024-07-18,2024-07
CMP162,Q1 2024 -- Content Marketing (Central),Content Marketing,Central,94931.35,79884.15,14516,770,622528.27,679.3,2024-01-09,2024-01-26,2024-01
CMP163,Retargeting 2025 -- LinkedIn (South),LinkedIn,South,67314.02,58748.35,33721,4812,1523299.89,2492.9,2025-08-01,2025-08-10,2025-08
CMP164,Product Launch 2025 -- Email (East),Email,East,39968.63,36939.38,38300,4858,4105814.16,11015.0,2025-10-07,2025-10-24,2025-10
CMP165,Seasonal 2026 -- LinkedIn (West),LinkedIn,West,97744.95,73929.83,22652,1628,2725377.77,3586.4,2026-03-10,2026-03-26,2026-03
CMP166,Holiday 2026 -- Meta Ads (West),Meta Ads,West,53824.88,52147.32,18958,3101,4539877.38,8605.9,2026-01-08,2026-01-16,2026-01
CMP167,Awareness 2024 -- LinkedIn (Central),LinkedIn,Central,86057.83,83839.36,9598,1434,423032.88,404.6,2024-12-06,2024-12-15,2024-12
CMP168,Conversion 2026 -- Webinar (West),Webinar,West,12059.06,11004.23,6509,1040,1647471.52,14871.3,2026-05-03,2026-05-22,2026-05
CMP169,Awareness 2025 -- Google Ads (South),Google Ads,South,33105.9,26062.1,13602,359,734534.71,2718.4,2025-06-08,2025-06-19,2025-06
CMP170,Holiday 2026 -- Email (South),Email,South,49006.79,37070.21,36043,1536,3663387.39,9782.3,2026-04-13,2026-04-28,2026-04
CMP171,Q4 2026 -- Content Marketing (South),Content Marketing,South,21368.77,21033.24,11244,1552,1270477.16,5940.3,2026-03-11,2026-03-28,2026-03
CMP172,Conversion 2026 -- Google Ads (East),Google Ads,East,46468.26,38215.05,1645,184,66625.91,74.3,2026-02-10,2026-02-20,2026-02
CMP173,Regional 2026 -- Content Marketing (North),Content Marketing,North,67703.29,56762.13,37665,2663,3955168.22,6868.0,2026-01-06,2026-01-24,2026-01
CMP174,Q2 2025 -- LinkedIn (North),LinkedIn,North,17948.07,17548.26,15710,2587,2363369.63,13367.8,2025-10-15,2025-10-26,2025-10
CMP175,Q2 2024 -- Google Ads (West),Google Ads,West,95707.12,90484.59,13565,2007,3796007.75,4095.2,2024-09-15,2024-09-28,2024-09
CMP176,Q4 2026 -- LinkedIn (South),LinkedIn,South,25362.21,23885.73,41055,3661,2062484.75,8534.8,2026-03-08,2026-03-16,2026-03
CMP177,SMB 2026 -- Email (West),Email,West,27725.58,26473.68,7800,1114,561715.2,2021.8,2026-04-02,2026-04-11,2026-04
CMP178,Brand 2024 -- Events (South),Events,South,12940.39,10429.27,6246,414,898110.66,8511.4,2024-12-12,2024-12-22,2024-12
CMP179,Q1 2024 -- Google Ads (Central),Google Ads,Central,57825.51,52689.52,4802,540,940654.97,1685.3,2024-10-09,2024-10-25,2024-10
CMP180,Regional 2025 -- Content Marketing (East),Content Marketing,East,59366.52,54559.32,38872,1001,512599.59,839.5,2025-03-04,2025-03-12,2025-03
CMP181,Regional 2025 -- Meta Ads (South),Meta Ads,South,71138.08,55027.09,10135,581,675667.91,1127.9,2025-07-09,2025-07-27,2025-07
CMP182,Awareness 2024 -- Email (West),Email,West,99098.6,96900.68,5775,125,211213.42,118.0,2024-05-15,2024-05-28,2024-05
CMP183,Brand 2024 -- Events (Central),Events,Central,80352.43,69889.21,2543,181,395846.69,466.4,2024-10-02,2024-10-23,2024-10
CMP184,Q1 2026 -- Meta Ads (North),Meta Ads,North,77527.03,77257.68,18054,3113,2394572.75,2999.5,2026-02-13,2026-02-22,2026-02
CMP185,Brand 2024 -- Email (East),Email,East,50101.18,42471.28,4003,609,801102.35,1786.2,2024-08-02,2024-08-13,2024-08
CMP186,Regional 2026 -- Content Marketing (East),Content Marketing,East,67036.79,52825.39,5131,780,1502569.54,2744.4,2026-02-06,2026-02-24,2026-02
CMP187,Retargeting 2025 -- Google Ads (South),Google Ads,South,52259.0,47588.22,5235,182,443203.95,831.3,2025-01-14,2025-01-24,2025-01
CMP188,Q4 2026 -- LinkedIn (North),LinkedIn,North,77170.75,68939.16,25045,3945,2499431.75,3525.6,2026-04-14,2026-04-21,2026-04
CMP189,Product Launch 2025 -- Email (West),Email,West,62715.87,53349.16,39337,6216,15070337.4,28148.5,2025-01-01,2025-01-13,2025-01
CMP190,Q3 2026 -- Webinar (West),Webinar,West,98747.42,80178.43,30426,897,1174090.33,1364.3,2026-02-14,2026-02-28,2026-02
CMP191,Regional 2024 -- Events (East),Events,East,91741.79,75098.64,3382,370,227574.68,203.0,2024-01-10,2024-01-24,2024-01
CMP192,Conversion 2025 -- Meta Ads (South),Meta Ads,South,76500.44,63832.83,35230,5091,4270883.59,6590.7,2025-04-14,2025-04-21,2025-04
CMP193,Retargeting 2026 -- Webinar (Central),Webinar,Central,21254.45,18428.25,39507,5418,11517121.56,62397.1,2026-05-04,2026-05-20,2026-05
CMP194,Seasonal 2024 -- Meta Ads (West),Meta Ads,West,91766.75,88060.92,9465,1228,1772572.11,1912.9,2024-09-14,2024-09-28,2024-09
CMP195,Q2 2025 -- Webinar (East),Webinar,East,25099.43,23651.8,37955,6557,13029080.63,54987.1,2025-06-06,2025-06-26,2025-06
CMP196,Q4 2026 -- LinkedIn (South),LinkedIn,South,45694.73,40470.23,13712,1476,1917680.9,4638.5,2026-02-13,2026-02-28,2026-02
CMP197,Brand 2026 -- Events (West),Events,West,6614.43,5387.61,15626,1340,1583334.56,29288.4,2026-02-03,2026-02-13,2026-02
CMP198,Holiday 2025 -- LinkedIn (Central),LinkedIn,Central,54139.76,50594.34,17616,629,435637.51,761.0,2025-07-15,2025-07-28,2025-07
CMP199,SMB 2024 -- Meta Ads (North),Meta Ads,North,36627.05,35622.2,37888,3438,3744477.94,10411.6,2024-07-04,2024-07-12,2024-07
CMP200,Brand 2025 -- LinkedIn (North),LinkedIn,North,14826.67,13897.4,17852,1079,363361.06,2514.6,2025-09-05,2025-09-12,2025-09
CMP201,Awareness 2026 -- Meta Ads (West),Meta Ads,West,25346.71,21413.18,4685,148,209669.4,879.2,2026-01-12,2026-01-23,2026-01
CMP202,Regional 2025 -- Google Ads (North),Google Ads,North,23833.11,20109.5,6054,621,335965.3,1570.7,2025-07-15,2025-07-22,2025-07
CMP203,Retargeting 2025 -- Content Marketing (North),Content Marketing,North,30613.27,30393.98,17121,823,893659.38,2840.3,2025-06-06,2025-06-24,2025-06
CMP204,Conversion 2026 -- Email (South),Email,South,97240.9,97038.34,32956,3042,7523781.0,7653.4,2026-03-15,2026-03-28,2026-03
CMP205,Retargeting 2025 -- Meta Ads (North),Meta Ads,North,34902.29,34831.44,37332,2862,3188662.54,9054.6,2025-11-05,2025-11-22,2025-11
CMP206,Q2 2024 -- Google Ads (West),Google Ads,West,13808.0,13653.63,42374,7487,3800709.82,27736.6,2024-04-01,2024-04-21,2024-04
CMP207,SMB 2026 -- Meta Ads (South),Meta Ads,South,91174.22,84039.59,6687,830,1542081.27,1734.9,2026-04-13,2026-04-28,2026-04
CMP208,Q4 2024 -- Webinar (West),Webinar,West,55832.53,51060.53,3827,653,596439.52,1068.1,2024-07-13,2024-07-28,2024-07
CMP209,Conversion 2026 -- Google Ads (West),Google Ads,West,73032.92,65247.37,26833,3468,7911122.27,12024.8,2026-02-05,2026-02-12,2026-02
CMP210,Conversion 2024 -- Events (North),Events,North,70851.47,57737.25,1462,85,175795.24,204.5,2024-02-04,2024-02-17,2024-02
CMP211,SMB 2025 -- Events (East),Events,East,82230.44,62370.27,27723,1320,1708717.99,2639.6,2025-04-14,2025-04-28,2025-04
CMP212,Awareness 2026 -- LinkedIn (Central),LinkedIn,Central,16790.79,15998.69,39122,6758,5064750.31,31557.3,2026-05-06,2026-05-27,2026-05
CMP213,Holiday 2025 -- Webinar (Central),Webinar,Central,18127.88,13979.06,31393,4859,8700937.9,62142.7,2025-07-10,2025-07-22,2025-07
CMP214,Q3 2025 -- Content Marketing (East),Content Marketing,East,52546.53,52116.03,7556,652,1523080.65,2822.5,2025-03-08,2025-03-20,2025-03
CMP215,SMB 2025 -- Webinar (North),Webinar,North,60096.04,56838.17,21101,2397,1678983.45,2854.0,2025-04-05,2025-04-16,2025-04
CMP216,Q4 2025 -- Content Marketing (North),Content Marketing,North,83214.65,71201.84,33910,3966,7290757.13,10139.6,2025-12-04,2025-12-19,2025-12
CMP217,Brand 2024 -- Google Ads (North),Google Ads,North,96765.8,75076.71,44966,6022,4920540.88,6454.0,2024-08-01,2024-08-15,2024-08
CMP218,Q4 2025 -- Email (East),Email,East,8890.64,7269.4,37311,2547,2068999.16,28361.8,2025-02-12,2025-02-28,2025-02
CMP219,Seasonal 2026 -- Meta Ads (East),Meta Ads,East,78517.5,74339.89,35708,1868,1216401.42,1536.3,2026-02-06,2026-02-24,2026-02
CMP220,Regional 2026 -- Webinar (South),Webinar,South,43511.42,37984.85,36559,1460,933055.18,2356.4,2026-04-12,2026-04-24,2026-04
CMP221,SMB 2025 -- Email (South),Email,South,95305.63,82733.7,5625,419,614615.99,642.9,2025-07-05,2025-07-22,2025-07
CMP222,Brand 2026 -- Content Marketing (North),Content Marketing,North,80087.63,65623.71,332,32,48179.7,-26.6,2026-04-01,2026-04-18,2026-04
CMP223,Enterprise 2024 -- Email (North),Email,North,29490.54,24932.96,42774,1414,554594.99,2124.3,2024-02-05,2024-02-26,2024-02
CMP224,Product Launch 2026 -- Content Marketing (Central),Content Marketing,Central,48460.27,46040.22,11502,1576,1354789.63,2842.6,2026-02-01,2026-02-20,2026-02
CMP225,Regional 2026 -- Meta Ads (West),Meta Ads,West,66895.8,55799.16,12306,720,1799981.15,3125.8,2026-05-15,2026-05-28,2026-05
CMP226,Q1 2026 -- LinkedIn (West),LinkedIn,West,49531.84,44089.65,8129,985,936239.38,2023.5,2026-04-08,2026-04-15,2026-04
CMP227,Retargeting 2024 -- LinkedIn (South),LinkedIn,South,74072.01,65830.15,2218,239,127637.38,93.9,2024-03-02,2024-03-21,2024-03
CMP228,Product Launch 2025 -- Email (South),Email,South,43864.46,37349.12,1479,64,74328.81,99.0,2025-10-10,2025-10-17,2025-10
CMP229,SMB 2024 -- Events (South),Events,South,11001.84,9096.98,44019,4610,11255152.83,123624.1,2024-10-11,2024-10-23,2024-10
CMP230,SMB 2024 -- Content Marketing (North),Content Marketing,North,5914.5,5555.21,39110,6055,1209554.06,21673.3,2024-04-11,2024-04-28,2024-04
CMP231,Q1 2024 -- Content Marketing (North),Content Marketing,North,55134.33,48409.54,27522,4597,8306156.27,17058.1,2024-08-09,2024-08-28,2024-08
CMP232,SMB 2026 -- Content Marketing (West),Content Marketing,West,81052.1,76887.55,2501,278,622680.97,709.9,2026-02-03,2026-02-10,2026-02
CMP233,Q3 2025 -- Meta Ads (Central),Meta Ads,Central,68876.72,63565.71,32424,4396,6246446.18,9726.8,2025-09-05,2025-09-21,2025-09
CMP234,Q1 2024 -- Webinar (West),Webinar,West,85980.1,81647.63,44318,7009,14427144.27,17570.0,2024-10-07,2024-10-19,2024-10
CMP235,Enterprise 2025 -- LinkedIn (West),LinkedIn,West,39242.81,32141.59,39395,4001,5321494.17,16456.4,2025-03-07,2025-03-21,2025-03
CMP236,Seasonal 2025 -- Events (West),Events,West,5331.78,5224.39,2844,145,135507.45,2493.7,2025-08-08,2025-08-24,2025-08
CMP237,Q3 2024 -- Content Marketing (South),Content Marketing,South,42734.18,42645.46,14995,439,194813.82,356.8,2024-01-03,2024-01-16,2024-01
CMP238,Seasonal 2025 -- Webinar (West),Webinar,West,95482.44,76927.35,862,101,185032.61,140.5,2025-06-03,2025-06-24,2025-06
CMP239,Q4 2025 -- Email (North),Email,North,36826.08,31603.04,22667,985,491456.88,1455.1,2025-01-12,2025-01-25,2025-01
CMP240,Q3 2026 -- Email (West),Email,West,37546.81,33397.7,31800,4503,6757545.48,20133.6,2026-04-06,2026-04-14,2026-04
CMP241,Q4 2026 -- Google Ads (North),Google Ads,North,42946.84,42132.46,26951,3128,2004532.37,4657.7,2026-03-14,2026-03-28,2026-03
CMP242,Q3 2025 -- Email (South),Email,South,19197.61,18927.29,26430,1202,2853789.64,14977.6,2025-04-04,2025-04-15,2025-04
CMP243,Regional 2025 -- Meta Ads (Central),Meta Ads,Central,86211.84,69381.48,44382,2142,2017750.49,2808.2,2025-03-15,2025-03-28,2025-03
CMP244,Q4 2024 -- Meta Ads (Central),Meta Ads,Central,73158.77,69949.88,3686,77,136935.02,95.8,2024-01-04,2024-01-23,2024-01
CMP245,Q1 2026 -- Meta Ads (East),Meta Ads,East,24419.33,21035.85,17704,913,637338.53,2929.8,2026-02-05,2026-02-26,2026-02
CMP246,Conversion 2024 -- Webinar (South),Webinar,South,53890.65,47603.97,24260,2032,3962811.27,8224.5,2024-11-11,2024-11-26,2024-11
CMP247,Brand 2025 -- Meta Ads (North),Meta Ads,North,64464.0,48551.73,30657,1687,653569.07,1246.1,2025-11-08,2025-11-28,2025-11
CMP248,Retargeting 2026 -- Content Marketing (Central),Content Marketing,Central,69365.5,60304.95,27788,3096,3270179.78,5322.7,2026-03-13,2026-03-28,2026-03
CMP249,Regional 2026 -- Webinar (North),Webinar,North,72071.95,59588.42,9642,340,442084.62,641.9,2026-04-05,2026-04-17,2026-04
CMP250,Q3 2024 -- Content Marketing (Central),Content Marketing,Central,46332.24,35098.03,13717,1839,2995200.66,8433.8,2024-08-10,2024-08-27,2024-08
CMP251,Brand 2026 -- Meta Ads (West),Meta Ads,West,39452.66,31603.34,8902,927,1350470.08,4173.2,2026-05-07,2026-05-22,2026-05
CMP252,Product Launch 2024 -- Google Ads (Central),Google Ads,Central,49531.17,48494.61,44248,4551,3010842.37,6108.6,2024-10-08,2024-10-24,2024-10
CMP253,Q3 2026 -- Google Ads (South),Google Ads,South,13987.29,12273.18,38319,5820,6625626.96,53884.6,2026-03-01,2026-03-11,2026-03
CMP254,Awareness 2025 -- Content Marketing (East),Content Marketing,East,7836.08,6526.71,26160,2347,5188829.07,79401.4,2025-02-11,2025-02-28,2025-02
CMP255,SMB 2026 -- Email (Central),Email,Central,26199.63,21599.4,27564,2628,5772287.43,26624.3,2026-01-07,2026-01-24,2026-01
CMP256,Q3 2026 -- Events (Central),Events,Central,58153.82,48825.58,40546,1388,2591640.18,5208.0,2026-05-07,2026-05-17,2026-05
CMP257,Regional 2025 -- Events (South),Events,South,49621.76,39311.55,6960,501,741505.99,1786.2,2025-03-05,2025-03-14,2025-03
CMP258,Product Launch 2026 -- Meta Ads (West),Meta Ads,West,69283.12,59144.09,39296,4581,7308773.84,12257.6,2026-04-05,2026-04-15,2026-04
CMP259,Seasonal 2024 -- LinkedIn (Central),LinkedIn,Central,35436.58,33169.52,27381,2134,4225178.67,12638.1,2024-04-09,2024-04-25,2024-04
CMP260,SMB 2024 -- Meta Ads (East),Meta Ads,East,25634.04,19568.87,6166,138,68200.66,248.5,2024-08-01,2024-08-16,2024-08
CMP261,Retargeting 2025 -- Meta Ads (West),Meta Ads,West,75575.98,59851.35,25793,3226,3980335.86,6550.4,2025-11-07,2025-11-17,2025-11
CMP262,Brand 2026 -- Meta Ads (South),Meta Ads,South,47941.67,42719.39,39416,6966,8019946.26,18673.6,2026-02-05,2026-02-26,2026-02
CMP263,Product Launch 2024 -- Google Ads (West),Google Ads,West,5985.77,5310.45,28432,2371,5761383.03,108391.4,2024-10-02,2024-10-09,2024-10
CMP264,Q3 2025 -- Webinar (North),Webinar,North,44268.28,36567.89,29512,4242,6195051.35,16841.2,2025-04-14,2025-04-28,2025-04
CMP265,Brand 2026 -- Webinar (Central),Webinar,Central,38953.37,32750.7,18510,640,1587546.39,4747.4,2026-02-11,2026-02-25,2026-02
CMP266,SMB 2026 -- Content Marketing (North),Content Marketing,North,14189.11,12113.36,43252,5445,8986844.25,74089.5,2026-01-10,2026-01-20,2026-01
CMP267,SMB 2024 -- Google Ads (Central),Google Ads,Central,82387.92,76533.69,27624,2476,3715049.1,4754.1,2024-05-06,2024-05-25,2024-05
CMP268,Brand 2025 -- LinkedIn (East),LinkedIn,East,46845.6,41564.96,3932,546,1090903.06,2524.6,2025-04-12,2025-04-22,2025-04
CMP269,Seasonal 2026 -- Meta Ads (East),Meta Ads,East,41954.15,19294.96,5959,646,461197.42,2290.2,2026-05-01,2026-05-18,2026-05
CMP270,Brand 2025 -- Webinar (East),Webinar,East,92624.49,81966.79,15692,2765,2191487.73,2573.6,2025-08-02,2025-08-18,2025-08
CMP271,Brand 2024 -- LinkedIn (East),LinkedIn,East,35296.58,28363.64,2859,237,451539.55,1492.0,2024-10-14,2024-10-27,2024-10
CMP272,Product Launch 2024 -- Meta Ads (North),Meta Ads,North,66267.82,63429.87,25754,1670,3398793.09,5258.3,2024-01-09,2024-01-28,2024-01
CMP273,Q4 2024 -- LinkedIn (South),LinkedIn,South,39041.07,34438.03,39185,2852,7108190.62,20540.5,2024-05-13,2024-05-28,2024-05
CMP274,Q1 2024 -- Content Marketing (South),Content Marketing,South,83141.73,72840.55,4361,90,128958.2,77.0,2024-11-06,2024-11-19,2024-11
CMP275,Enterprise 2025 -- LinkedIn (South),LinkedIn,South,45580.82,44494.97,38696,5741,3720473.77,8261.6,2025-07-10,2025-07-21,2025-07
CMP276,Awareness 2025 -- LinkedIn (West),LinkedIn,West,91830.58,71685.84,5568,490,287981.49,301.7,2025-05-08,2025-05-21,2025-05
CMP277,Awareness 2025 -- Content Marketing (North),Content Marketing,North,59582.53,54824.56,20713,3658,5287402.96,9544.2,2025-01-13,2025-01-23,2025-01
CMP278,Retargeting 2026 -- Webinar (West),Webinar,West,9219.37,8730.35,20037,793,1090108.88,12386.4,2026-01-11,2026-01-27,2026-01
CMP279,Brand 2024 -- Meta Ads (South),Meta Ads,South,44518.47,41347.89,26486,535,1104811.27,2572.0,2024-06-03,2024-06-23,2024-06
CMP280,Regional 2025 -- LinkedIn (Central),LinkedIn,Central,7461.65,6689.59,31783,1617,2213425.5,32987.6,2025-12-01,2025-12-20,2025-12
CMP281,Conversion 2024 -- Google Ads (North),Google Ads,North,38612.98,33455.23,35719,1243,1281208.31,3729.6,2024-03-14,2024-03-25,2024-03
CMP282,Product Launch 2026 -- Email (North),Email,North,58979.41,52762.96,12631,2098,3398466.15,6341.0,2026-01-10,2026-01-21,2026-01
CMP283,Q2 2025 -- Google Ads (East),Google Ads,East,68825.08,64346.2,39070,2172,5066080.3,7773.2,2025-06-02,2025-06-18,2025-06
CMP284,Conversion 2025 -- Events (West),Events,West,67725.11,52094.2,710,75,124404.33,138.8,2025-02-09,2025-02-22,2025-02
CMP285,Conversion 2026 -- Meta Ads (Central),Meta Ads,Central,84379.86,83499.22,36801,6077,14538737.09,17311.8,2026-02-12,2026-02-21,2026-02
CMP286,Enterprise 2025 -- Google Ads (East),Google Ads,East,12954.29,12833.94,14618,777,373090.82,2807.1,2025-12-02,2025-12-18,2025-12
CMP287,Q1 2026 -- LinkedIn (South),LinkedIn,South,58441.07,57593.86,17579,467,127295.32,121.0,2026-03-03,2026-03-12,2026-03
CMP288,SMB 2026 -- Email (South),Email,South,52122.54,45895.85,23056,1882,3450492.38,7418.1,2026-01-15,2026-01-28,2026-01
CMP289,Q2 2024 -- Events (East),Events,East,70598.07,68767.75,12082,1991,3990230.95,5702.5,2024-07-07,2024-07-15,2024-07
CMP290,Q1 2024 -- Webinar (South),Webinar,South,99494.35,89343.66,24487,4185,4850066.15,5328.6,2024-11-04,2024-11-25,2024-11
CMP291,Brand 2024 -- Webinar (West),Webinar,West,46004.06,44065.71,4359,465,1052369.81,2288.2,2024-03-02,2024-03-10,2024-03
CMP292,Product Launch 2026 -- Content Marketing (South),Content Marketing,South,85156.84,83584.95,13023,383,349557.74,318.2,2026-02-14,2026-02-28,2026-02
CMP293,Product Launch 2026 -- Content Marketing (Central),Content Marketing,Central,73461.11,57587.23,28327,4138,2771343.03,4712.4,2026-05-13,2026-05-27,2026-05
CMP294,Brand 2026 -- Content Marketing (East),Content Marketing,East,67520.01,59162.64,39869,7153,14780438.92,24882.7,2026-03-10,2026-03-23,2026-03
CMP295,Product Launch 2026 -- Events (North),Events,North,77466.95,74759.05,3372,589,585689.22,683.4,2026-04-11,2026-04-19,2026-04
CMP296,Q1 2024 -- Meta Ads (East),Meta Ads,East,85042.1,80632.81,585,60,66097.7,-18.0,2024-02-03,2024-02-22,2024-02
CMP297,Conversion 2024 -- Content Marketing (East),Content Marketing,East,6266.26,5099.34,26877,4149,9167798.56,179684.0,2024-12-15,2024-12-28,2024-12
CMP298,Holiday 2026 -- Webinar (North),Webinar,North,8623.4,8137.08,15672,998,1472268.59,17993.3,2026-04-15,2026-04-23,2026-04
CMP299,Enterprise 2026 -- LinkedIn (East),LinkedIn,East,6097.71,5610.05,21985,3354,7689202.81,136961.2,2026-03-01,2026-03-21,2026-03
CMP300,Seasonal 2024 -- Email (North),Email,North,42845.6,38498.07,14646,1896,3125638.73,8018.9,2024-12-08,2024-12-19,2024-12
CMP301,Q3 2026 -- Events (East),Events,East,62796.92,51402.1,20191,866,1388940.59,2602.1,2026-01-08,2026-01-19,2026-01
CMP302,Regional 2026 -- LinkedIn (North),LinkedIn,North,99697.23,85815.95,28451,1384,2965544.13,3355.7,2026-03-08,2026-03-28,2026-03
CMP303,Product Launch 2025 -- LinkedIn (Central),LinkedIn,Central,13129.65,11818.56,22835,1170,438699.23,3612.0,2025-07-13,2025-07-26,2025-07
CMP304,Q2 2024 -- Email (East),Email,East,49594.26,40834.59,24797,4027,3633951.27,8799.2,2024-09-11,2024-09-24,2024-09
CMP305,Conversion 2026 -- Meta Ads (North),Meta Ads,North,47369.09,40122.62,8127,1148,1216103.55,2931.0,2026-04-03,2026-04-19,2026-04
CMP306,Holiday 2025 -- Email (Central),Email,Central,61692.59,48235.5,26415,4231,6545634.81,13470.2,2025-01-13,2025-01-23,2025-01
CMP307,Seasonal 2026 -- Email (West),Email,West,40955.5,39308.96,32382,4904,4139359.11,10430.3,2026-01-02,2026-01-15,2026-01
CMP308,Q2 2025 -- Google Ads (South),Google Ads,South,73095.86,57517.63,9896,630,1517295.97,2538.0,2025-08-03,2025-08-13,2025-08
CMP309,Q1 2025 -- Meta Ads (East),Meta Ads,East,5065.33,4205.53,34441,5304,4645850.69,110370.0,2025-12-07,2025-12-27,2025-12
CMP310,Regional 2025 -- Google Ads (West),Google Ads,West,10373.71,9784.26,740,88,201014.24,1954.5,2025-03-02,2025-03-14,2025-03
CMP311,Q2 2024 -- LinkedIn (South),LinkedIn,South,53928.37,45454.43,27312,619,983997.04,2064.8,2024-02-04,2024-02-22,2024-02
CMP312,Q3 2025 -- Meta Ads (Central),Meta Ads,Central,17053.16,15850.18,8298,174,60937.22,284.5,2025-11-03,2025-11-13,2025-11
CMP313,Q4 2025 -- Events (South),Events,South,73926.06,70097.25,18364,3037,5028017.14,7072.9,2025-05-15,2025-05-28,2025-05
CMP314,SMB 2024 -- LinkedIn (North),LinkedIn,North,53639.4,43786.37,13099,1689,2774455.39,6236.3,2024-09-15,2024-09-28,2024-09
CMP315,Holiday 2026 -- Events (West),Events,West,9287.58,7310.69,7720,681,951781.7,12919.0,2026-02-12,2026-02-28,2026-02
CMP316,Regional 2024 -- Google Ads (South),Google Ads,South,69738.3,65307.14,5495,551,928372.98,1321.5,2024-08-10,2024-08-26,2024-08
CMP317,Regional 2026 -- Content Marketing (North),Content Marketing,North,34519.57,34290.22,22731,4067,5573408.58,16153.6,2026-05-07,2026-05-16,2026-05
CMP318,Seasonal 2025 -- Content Marketing (Central),Content Marketing,Central,52873.8,45625.58,18696,2696,5922347.68,12880.3,2025-04-11,2025-04-23,2025-04
CMP319,Brand 2024 -- Email (South),Email,South,95283.27,74885.65,32574,4945,2474331.36,3204.1,2024-12-05,2024-12-20,2024-12
CMP320,Seasonal 2026 -- LinkedIn (East),LinkedIn,East,24246.91,18892.92,30735,5384,9405707.11,49684.3,2026-02-03,2026-02-20,2026-02
CMP321,Holiday 2024 -- Events (South),Events,South,36958.9,29848.02,34754,1733,4178489.81,13899.2,2024-06-01,2024-06-11,2024-06
CMP322,Enterprise 2025 -- Google Ads (South),Google Ads,South,41070.64,34693.02,3100,326,462851.13,1234.1,2025-08-07,2025-08-21,2025-08
CMP323,Brand 2025 -- LinkedIn (West),LinkedIn,West,47440.88,44155.11,8679,250,315174.85,613.8,2025-12-12,2025-12-28,2025-12
CMP324,Enterprise 2026 -- Google Ads (South),Google Ads,South,57767.31,52050.91,6932,550,1051959.55,1921.0,2026-02-12,2026-02-28,2026-02
CMP325,Q1 2024 -- Email (South),Email,South,50672.65,41748.36,5587,341,816194.96,1855.0,2024-02-11,2024-02-28,2024-02
CMP326,Enterprise 2026 -- Google Ads (South),Google Ads,South,12753.86,12505.08,23496,1005,2012880.48,15996.5,2026-01-01,2026-01-20,2026-01
CMP327,Holiday 2025 -- Email (Central),Email,Central,30765.99,24649.26,4730,545,865992.01,3413.3,2025-06-12,2025-06-26,2025-06
CMP328,Q4 2024 -- Google Ads (West),Google Ads,West,26572.75,21544.12,18329,2670,6253585.04,28926.9,2024-11-14,2024-11-26,2024-11
CMP329,Q2 2025 -- Events (South),Events,South,7389.3,5626.41,13701,2009,1729708.31,30642.7,2025-10-08,2025-10-15,2025-10
CMP330,Awareness 2026 -- LinkedIn (East),LinkedIn,East,72586.74,36938.64,36346,4896,4768348.74,12808.8,2026-05-08,2026-05-20,2026-05
CMP331,SMB 2026 -- Events (Central),Events,Central,53614.86,40930.75,8774,337,504089.92,1131.6,2026-01-14,2026-01-28,2026-01
CMP332,Enterprise 2026 -- Email (South),Email,South,97874.91,78779.28,8560,843,697915.64,785.9,2026-03-04,2026-03-18,2026-03
CMP333,Q3 2024 -- Meta Ads (North),Meta Ads,North,26765.62,24102.99,17504,1909,4455683.37,18386.0,2024-02-03,2024-02-12,2024-02
CMP334,Q2 2025 -- Google Ads (West),Google Ads,West,98153.24,91572.94,34630,1902,2056833.56,2146.1,2025-08-04,2025-08-21,2025-08
CMP335,SMB 2025 -- LinkedIn (West),LinkedIn,West,29304.64,25341.5,14695,1240,1384033.13,5361.5,2025-08-12,2025-08-28,2025-08
CMP336,Enterprise 2024 -- Email (East),Email,East,96423.73,75674.54,36220,5664,2448794.17,3136.0,2024-01-11,2024-01-25,2024-01
CMP337,Product Launch 2026 -- Content Marketing (South),Content Marketing,South,83754.39,67265.8,33193,2869,6891937.8,10145.8,2026-05-03,2026-05-11,2026-05
CMP338,Q3 2026 -- Email (South),Email,South,45532.86,42212.55,14322,1658,1018458.36,2312.7,2026-03-13,2026-03-27,2026-03
CMP339,Regional 2026 -- LinkedIn (North),LinkedIn,North,45934.42,36358.24,2604,427,466319.74,1182.6,2026-03-11,2026-03-27,2026-03
CMP340,Q2 2025 -- Google Ads (West),Google Ads,West,22261.86,18100.98,17542,927,879835.67,4760.7,2025-09-06,2025-09-16,2025-09
CMP341,Retargeting 2026 -- Events (East),Events,East,34382.26,33180.72,28576,2178,1115021.81,3260.5,2026-01-02,2026-01-17,2026-01
CMP342,Awareness 2024 -- Meta Ads (East),Meta Ads,East,27328.7,24304.3,5989,573,1038661.91,4173.6,2024-01-14,2024-01-27,2024-01
CMP343,Holiday 2026 -- Events (East),Events,East,64462.31,56872.31,5650,736,1367147.08,2303.9,2026-02-13,2026-02-26,2026-02
CMP344,Conversion 2025 -- LinkedIn (Central),LinkedIn,Central,64415.26,54306.45,17108,799,1288996.65,2273.6,2025-12-14,2025-12-28,2025-12
CMP345,Regional 2024 -- Events (West),Events,West,43960.75,42967.13,26013,1920,2528409.84,5784.5,2024-02-04,2024-02-23,2024-02
CMP346,SMB 2025 -- Email (West),Email,West,51371.02,45822.39,23850,3485,4004583.95,8639.4,2025-07-09,2025-07-23,2025-07
CMP347,Product Launch 2025 -- Content Marketing (South),Content Marketing,South,11932.51,9981.68,36598,869,1248888.25,12411.8,2025-02-08,2025-02-19,2025-02
CMP348,SMB 2025 -- Content Marketing (Central),Content Marketing,Central,86221.7,68804.67,40033,4688,8189962.24,11803.2,2025-03-07,2025-03-26,2025-03
CMP349,Q1 2025 -- Content Marketing (West),Content Marketing,West,8150.0,6265.3,14876,1748,1635487.97,26003.9,2025-02-06,2025-02-26,2025-02
CMP350,Q4 2025 -- Google Ads (Central),Google Ads,Central,44206.32,35929.95,40732,1833,596231.89,1559.4,2025-05-03,2025-05-21,2025-05
CMP351,Awareness 2024 -- Events (Central),Events,Central,54834.57,46524.12,25396,3666,8367506.8,17885.3,2024-02-01,2024-02-21,2024-02
CMP352,Holiday 2025 -- Content Marketing (East),Content Marketing,East,84728.34,84321.02,43366,5049,12097112.05,14246.5,2025-12-10,2025-12-17,2025-12
CMP353,Q1 2024 -- Email (East),Email,East,41234.93,37246.45,37705,3051,5234969.24,13954.9,2024-09-11,2024-09-28,2024-09
CMP354,Enterprise 2024 -- Email (West),Email,West,16226.29,15418.88,12892,1202,1401554.53,8989.9,2024-01-10,2024-01-27,2024-01
CMP355,Conversion 2024 -- Webinar (South),Webinar,South,41760.62,37228.59,10569,1726,3954702.81,10522.8,2024-01-06,2024-01-21,2024-01
CMP356,Retargeting 2024 -- Email (Central),Email,Central,39583.43,38742.34,29293,3482,1806622.22,4563.2,2024-11-14,2024-11-28,2024-11
CMP357,Seasonal 2024 -- Email (West),Email,West,34284.17,31014.97,30775,3943,2496567.81,7949.6,2024-02-02,2024-02-19,2024-02
CMP358,Enterprise 2025 -- Webinar (South),Webinar,South,53257.76,45352.99,36364,4729,10349827.25,22720.6,2025-01-14,2025-01-28,2025-01
CMP359,Brand 2024 -- Email (Central),Email,Central,37587.13,33874.93,13337,2276,3020805.06,8817.5,2024-01-15,2024-01-28,2024-01
CMP360,Awareness 2026 -- Content Marketing (West),Content Marketing,West,92001.54,91837.3,27117,1730,3852215.19,4094.6,2026-03-14,2026-03-24,2026-03
CMP361,Enterprise 2025 -- Meta Ads (North),Meta Ads,North,84767.43,77516.7,23180,2668,5469178.2,6955.5,2025-04-03,2025-04-17,2025-04
CMP362,Awareness 2025 -- Webinar (East),Webinar,East,41788.37,37808.24,38431,4660,11348266.65,29915.3,2025-09-08,2025-09-25,2025-09
CMP363,Q4 2025 -- LinkedIn (North),LinkedIn,North,31132.24,26799.82,16763,2651,4433187.85,16441.9,2025-11-13,2025-11-28,2025-11
CMP364,SMB 2024 -- LinkedIn (South),LinkedIn,South,21117.04,19255.86,36844,5010,8748368.13,45332.2,2024-06-04,2024-06-18,2024-06
CMP365,Retargeting 2025 -- Events (Central),Events,Central,64255.63,53537.25,1968,113,230645.93,330.8,2025-06-15,2025-06-25,2025-06
CMP366,Brand 2026 -- LinkedIn (East),LinkedIn,East,5692.68,4596.23,14350,743,1043278.39,22598.6,2026-01-13,2026-01-27,2026-01
CMP367,Q2 2024 -- Events (West),Events,West,28529.09,25682.14,20053,3532,4886256.78,18925.9,2024-03-12,2024-03-28,2024-03
CMP368,Q4 2024 -- Content Marketing (East),Content Marketing,East,10259.44,9753.99,18211,618,94599.54,869.9,2024-08-04,2024-08-18,2024-08
CMP369,Q1 2024 -- Meta Ads (West),Meta Ads,West,34851.48,26538.44,9450,805,1097886.71,4037.0,2024-12-05,2024-12-25,2024-12
CMP370,Q4 2026 -- Email (Central),Email,Central,89631.0,87939.78,30823,2002,2309400.69,2526.1,2026-05-07,2026-05-17,2026-05
CMP371,Q4 2025 -- Content Marketing (West),Content Marketing,West,85822.63,84785.11,32030,1647,3280671.49,3769.4,2025-12-01,2025-12-11,2025-12
CMP372,Q3 2025 -- Email (Central),Email,Central,79343.16,73565.24,37920,2479,5123928.73,6865.1,2025-02-06,2025-02-22,2025-02
CMP373,Enterprise 2024 -- Google Ads (North),Google Ads,North,9267.46,8813.8,7420,958,1486205.33,16762.3,2024-03-11,2024-03-25,2024-03
CMP374,SMB 2025 -- Email (North),Email,North,50198.77,45603.67,13450,1384,3446486.15,7457.5,2025-09-05,2025-09-21,2025-09
CMP375,Seasonal 2024 -- Email (North),Email,North,47482.79,43390.97,17867,2375,2996507.36,6805.8,2024-05-05,2024-05-15,2024-05
CMP376,Seasonal 2025 -- Meta Ads (Central),Meta Ads,Central,68524.74,64559.45,12220,1045,612855.19,849.3,2025-01-13,2025-01-28,2025-01
CMP377,SMB 2026 -- Google Ads (West),Google Ads,West,36741.41,34502.18,4162,403,663255.78,1822.4,2026-04-14,2026-04-28,2026-04
CMP378,Q4 2024 -- Webinar (Central),Webinar,Central,88889.39,75536.58,6416,1013,1508828.62,1897.5,2024-03-10,2024-03-19,2024-03
CMP379,Product Launch 2025 -- Meta Ads (South),Meta Ads,South,66237.74,58304.4,19703,3420,1336423.13,2192.1,2025-08-05,2025-08-17,2025-08
CMP380,SMB 2025 -- Meta Ads (South),Meta Ads,South,5853.25,5731.31,33297,4813,854371.42,14807.1,2025-07-15,2025-07-28,2025-07
CMP381,Enterprise 2024 -- Google Ads (Central),Google Ads,Central,85277.11,71704.52,2163,326,253700.08,253.8,2024-11-13,2024-11-28,2024-11
CMP382,Brand 2025 -- Google Ads (West),Google Ads,West,69669.38,57501.46,34993,4791,6486449.88,11180.5,2025-09-04,2025-09-23,2025-09
CMP383,Regional 2024 -- Content Marketing (South),Content Marketing,South,78033.15,67546.28,28567,4820,4444635.91,6480.1,2024-04-05,2024-04-20,2024-04
CMP384,Holiday 2026 -- Webinar (East),Webinar,East,63918.15,55596.15,33890,990,171511.18,208.5,2026-01-14,2026-01-25,2026-01
CMP385,Brand 2025 -- Content Marketing (North),Content Marketing,North,28261.52,25882.04,25756,3826,2878578.15,11021.9,2025-09-14,2025-09-28,2025-09
CMP386,Awareness 2025 -- Email (North),Email,North,64296.62,61541.99,17310,3098,6935121.1,11168.9,2025-12-09,2025-12-21,2025-12
CMP387,Awareness 2026 -- Events (Central),Events,Central,60824.25,45982.45,12402,2176,498596.99,984.3,2026-05-15,2026-05-27,2026-05
CMP388,Q3 2024 -- Email (East),Email,East,45215.93,40976.87,3744,149,148965.3,263.5,2024-12-14,2024-12-26,2024-12
CMP389,Product Launch 2026 -- Content Marketing (South),Content Marketing,South,95020.2,86905.39,26558,2150,1428718.92,1544.0,2026-01-15,2026-01-24,2026-01
CMP390,Enterprise 2024 -- Content Marketing (Central),Content Marketing,Central,38499.3,38201.44,16244,401,622961.11,1530.7,2024-04-06,2024-04-26,2024-04
CMP391,Regional 2025 -- Google Ads (Central),Google Ads,Central,10711.53,8515.67,30537,1629,869687.49,10112.8,2025-05-13,2025-05-28,2025-05
CMP392,Q2 2026 -- Meta Ads (North),Meta Ads,North,58050.49,56909.59,486,11,4959.39,-91.3,2026-05-06,2026-05-16,2026-05
CMP393,Conversion 2026 -- Webinar (North),Webinar,North,99687.48,96056.95,34093,1370,3130627.03,3159.1,2026-02-12,2026-02-19,2026-02
CMP394,Q4 2024 -- Events (East),Events,East,91454.52,69869.33,22914,1548,1279467.97,1731.2,2024-12-01,2024-12-17,2024-12
CMP395,Regional 2026 -- Meta Ads (West),Meta Ads,West,51114.28,44048.64,13606,1549,2145013.03,4769.6,2026-03-08,2026-03-27,2026-03
CMP396,Seasonal 2026 -- LinkedIn (South),LinkedIn,South,27486.71,26317.61,24759,3894,5487006.89,20749.2,2026-03-11,2026-03-28,2026-03
CMP397,Regional 2026 -- Meta Ads (West),Meta Ads,West,18117.91,17808.99,8818,1004,2198732.39,12246.2,2026-02-13,2026-02-28,2026-02
CMP398,Seasonal 2025 -- Events (North),Events,North,66419.52,61198.3,34794,5057,8618397.03,13982.7,2025-03-14,2025-03-26,2025-03
CMP399,Q1 2025 -- LinkedIn (North),LinkedIn,North,94001.72,73413.78,27936,3812,8207697.56,11080.1,2025-10-01,2025-10-11,2025-10
CMP400,SMB 2025 -- LinkedIn (Central),LinkedIn,Central,41829.66,38433.17,22389,501,909428.92,2266.3,2025-05-12,2025-05-27,2025-05
CMP401,Q2 2026 -- Events (East),Events,East,89053.64,85609.64,2195,223,104841.49,22.5,2026-03-10,2026-03-28,2026-03
CMP402,Q4 2025 -- LinkedIn (East),LinkedIn,East,92157.75,69734.9,27264,3143,3138640.36,4400.8,2025-12-05,2025-12-12,2025-12
CMP403,Seasonal 2026 -- Events (East),Events,East,53288.83,41003.13,4263,431,785602.29,1816.0,2026-02-06,2026-02-26,2026-02
CMP404,Conversion 2025 -- Email (South),Email,South,84454.61,76591.58,32519,2063,3094285.86,3940.0,2025-06-05,2025-06-19,2025-06
CMP405,Q4 2025 -- LinkedIn (South),LinkedIn,South,53859.87,42392.9,19104,2633,5420688.01,12686.8,2025-12-02,2025-12-11,2025-12
CMP406,Q1 2026 -- Email (South),Email,South,51878.68,48126.49,21888,3564,5558545.3,11449.9,2026-04-10,2026-04-17,2026-04
CMP407,Enterprise 2025 -- Events (East),Events,East,48875.29,39896.31,7115,639,294926.49,639.2,2025-10-12,2025-10-28,2025-10
CMP408,Q2 2025 -- LinkedIn (Central),LinkedIn,Central,19633.61,16511.93,14683,1100,242219.66,1366.9,2025-11-14,2025-11-28,2025-11
CMP409,Product Launch 2025 -- Content Marketing (South),Content Marketing,South,74752.57,56453.54,19934,793,407548.0,621.9,2025-07-08,2025-07-19,2025-07
CMP410,Seasonal 2024 -- Email (South),Email,South,23747.72,18183.35,18748,2825,6720176.92,36857.9,2024-11-08,2024-11-21,2024-11
CMP411,Retargeting 2024 -- LinkedIn (South),LinkedIn,South,82816.77,63269.57,18741,3254,3060440.58,4737.1,2024-08-15,2024-08-28,2024-08
CMP412,Seasonal 2025 -- Content Marketing (South),Content Marketing,South,89334.37,75119.72,28717,4256,10222125.91,13507.8,2025-06-06,2025-06-22,2025-06
CMP413,Conversion 2026 -- Events (West),Events,West,97158.41,88852.03,27372,2363,654139.87,636.2,2026-02-04,2026-02-16,2026-02
CMP414,Product Launch 2024 -- LinkedIn (Central),LinkedIn,Central,13707.49,12003.45,3530,236,79467.24,562.0,2024-05-13,2024-05-28,2024-05
CMP415,Seasonal 2025 -- LinkedIn (North),LinkedIn,North,77766.08,60142.14,38150,3551,2464596.19,3998.0,2025-11-08,2025-11-23,2025-11
CMP416,Retargeting 2025 -- Events (West),Events,West,96725.02,93589.69,43993,5666,1329866.94,1321.0,2025-01-13,2025-01-28,2025-01
CMP417,Retargeting 2026 -- Events (Central),Events,Central,7322.16,5652.7,24353,1935,3757399.52,66370.9,2026-05-06,2026-05-23,2026-05
CMP418,Regional 2024 -- Events (South),Events,South,24437.88,18595.46,26800,1758,399943.29,2050.8,2024-02-02,2024-02-14,2024-02
CMP419,Product Launch 2026 -- Webinar (South),Webinar,South,46175.76,40401.18,2989,148,23048.27,-43.0,2026-02-12,2026-02-22,2026-02
CMP420,Retargeting 2026 -- Events (South),Events,South,99456.88,76153.73,35084,4153,5778074.5,7487.4,2026-04-09,2026-04-18,2026-04
CMP421,Enterprise 2026 -- Email (East),Email,East,78427.86,67296.53,16483,2301,1821189.6,2606.2,2026-01-13,2026-01-28,2026-01
CMP422,Brand 2024 -- Webinar (South),Webinar,South,71439.15,56894.04,12412,1723,1897333.7,3234.9,2024-09-04,2024-09-15,2024-09
CMP423,Enterprise 2025 -- Email (East),Email,East,34160.64,32864.48,17085,1607,2351350.01,7054.7,2025-03-12,2025-03-28,2025-03
CMP424,Enterprise 2025 -- Content Marketing (South),Content Marketing,South,27763.7,24944.87,42877,3102,1142690.77,4480.9,2025-10-14,2025-10-27,2025-10
CMP425,Product Launch 2025 -- Email (Central),Email,Central,21032.65,17815.55,29420,3712,3225710.03,18006.1,2025-05-05,2025-05-21,2025-05
CMP426,Product Launch 2026 -- Email (East),Email,East,71798.13,58323.8,21632,1575,1854297.29,3079.3,2026-02-13,2026-02-28,2026-02
CMP427,Q1 2024 -- Webinar (East),Webinar,East,94447.1,85630.59,38429,5435,11631948.02,13483.9,2024-04-10,2024-04-21,2024-04
CMP428,Enterprise 2025 -- Content Marketing (Central),Content Marketing,Central,42094.92,38597.59,34236,1034,2335630.16,5951.2,2025-05-13,2025-05-28,2025-05
CMP429,Q3 2024 -- Meta Ads (Central),Meta Ads,Central,28084.36,26484.33,41497,7301,12171971.2,45859.1,2024-10-13,2024-10-28,2024-10
CMP430,Q1 2026 -- Email (East),Email,East,26522.86,11698.46,32048,4266,5036817.01,42955.4,2026-04-03,2026-04-12,2026-04
CMP431,Enterprise 2026 -- Email (North),Email,North,51734.28,42691.15,34332,5980,7864089.37,18320.9,2026-01-04,2026-01-19,2026-01
CMP432,Enterprise 2025 -- Google Ads (South),Google Ads,South,70216.18,68695.36,21535,2759,3327314.77,4743.6,2025-06-06,2025-06-22,2025-06
CMP433,SMB 2026 -- Webinar (West),Webinar,West,52729.49,46950.63,339,9,8806.68,-81.2,2026-03-14,2026-03-28,2026-03
CMP434,Retargeting 2026 -- Content Marketing (North),Content Marketing,North,76118.04,69489.27,17313,2116,4994822.24,7087.9,2026-02-15,2026-02-28,2026-02
CMP435,Q1 2025 -- Meta Ads (East),Meta Ads,East,39926.28,31016.44,28668,2202,4898578.63,15693.5,2025-04-03,2025-04-17,2025-04
CMP436,Q2 2024 -- Meta Ads (East),Meta Ads,East,98165.12,86142.39,29237,1754,3211737.69,3628.4,2024-01-05,2024-01-14,2024-01
CMP437,Retargeting 2024 -- Meta Ads (East),Meta Ads,East,59571.69,53192.29,34782,2630,6229241.16,11610.8,2024-04-06,2024-04-14,2024-04
CMP438,Q2 2025 -- Content Marketing (North),Content Marketing,North,27366.08,22690.58,36069,2565,3660368.29,16031.7,2025-07-06,2025-07-23,2025-07
CMP439,Brand 2024 -- Meta Ads (East),Meta Ads,East,87463.0,76000.83,27942,2395,5959939.94,7741.9,2024-03-12,2024-03-28,2024-03
CMP440,Awareness 2025 -- Content Marketing (South),Content Marketing,South,9523.94,7807.61,13779,726,272324.85,3387.9,2025-11-10,2025-11-28,2025-11
CMP441,Awareness 2026 -- Google Ads (West),Google Ads,West,83230.02,63321.77,24030,1061,1662986.29,2526.2,2026-05-10,2026-05-18,2026-05
CMP442,Retargeting 2025 -- LinkedIn (Central),LinkedIn,Central,78958.17,77345.52,38235,5853,6468200.71,8262.7,2025-08-15,2025-08-28,2025-08
CMP443,SMB 2024 -- Events (Central),Events,Central,6799.83,5406.19,40597,4841,1814667.8,33466.5,2024-06-14,2024-06-23,2024-06
CMP444,Brand 2025 -- Content Marketing (North),Content Marketing,North,83054.95,63220.33,608,73,93145.59,47.3,2025-04-06,2025-04-27,2025-04
CMP445,Q1 2024 -- Google Ads (East),Google Ads,East,61557.16,48524.63,9370,350,504677.32,940.0,2024-01-07,2024-01-15,2024-01
CMP446,Q2 2025 -- LinkedIn (West),LinkedIn,West,31839.04,27437.38,10357,279,203027.87,640.0,2025-04-14,2025-04-28,2025-04
CMP447,Q2 2025 -- Meta Ads (Central),Meta Ads,Central,22063.45,18891.75,23228,1944,489118.17,2489.1,2025-05-04,2025-05-23,2025-05
CMP448,Seasonal 2025 -- Meta Ads (South),Meta Ads,South,37276.5,28163.99,9738,585,535730.5,1802.2,2025-02-15,2025-02-28,2025-02
CMP449,Q1 2025 -- Meta Ads (East),Meta Ads,East,69072.96,58801.51,31203,4355,2126709.75,3516.8,2025-08-03,2025-08-24,2025-08
CMP450,Awareness 2024 -- Google Ads (East),Google Ads,East,85318.58,83558.99,28814,3111,771287.93,823.0,2024-01-15,2024-01-27,2024-01
CMP451,Q2 2025 -- Google Ads (Central),Google Ads,Central,97289.77,74991.66,34445,1192,1251859.93,1569.3,2025-08-02,2025-08-21,2025-08
CMP452,Conversion 2024 -- Meta Ads (Central),Meta Ads,Central,22824.21,21702.76,15361,348,759628.87,3400.1,2024-04-06,2024-04-25,2024-04
CMP453,Seasonal 2025 -- Events (East),Events,East,96990.18,93859.16,27633,2015,4174261.45,4347.4,2025-12-10,2025-12-28,2025-12
CMP454,Q2 2025 -- Events (West),Events,West,72095.05,58166.32,9893,627,677454.9,1064.7,2025-04-03,2025-04-23,2025-04
CMP455,Retargeting 2026 -- Email (East),Email,East,93241.04,42704.51,7433,830,241683.67,465.9,2026-05-13,2026-05-25,2026-05
CMP456,Seasonal 2024 -- LinkedIn (North),LinkedIn,North,72459.01,64205.44,2348,339,129340.94,101.4,2024-11-15,2024-11-23,2024-11
CMP457,Seasonal 2024 -- Meta Ads (Central),Meta Ads,Central,73723.47,59426.1,27505,1443,1023913.35,1623.0,2024-05-07,2024-05-26,2024-05
CMP458,Q4 2026 -- Email (East),Email,East,49218.91,47625.57,389,43,61043.2,28.2,2026-03-12,2026-03-23,2026-03
CMP459,SMB 2025 -- Google Ads (East),Google Ads,East,8135.46,7417.02,6484,945,165565.32,2132.2,2025-05-04,2025-05-18,2025-05
CMP460,Seasonal 2024 -- Email (East),Email,East,71857.55,69590.87,11316,1225,2141189.17,2976.8,2024-02-14,2024-02-23,2024-02
CMP461,Awareness 2024 -- Content Marketing (South),Content Marketing,South,49716.57,42869.12,35528,2837,3953607.37,9122.5,2024-11-14,2024-11-28,2024-11
CMP462,Seasonal 2026 -- Email (West),Email,West,62409.11,54507.82,15715,2747,5410057.48,9825.3,2026-04-06,2026-04-13,2026-04
CMP463,Seasonal 2026 -- Google Ads (South),Google Ads,South,73505.34,71529.52,38844,1298,1349006.64,1785.9,2026-01-01,2026-01-18,2026-01
CMP464,SMB 2024 -- Meta Ads (Central),Meta Ads,Central,60941.51,60865.72,24827,1638,2168685.76,3463.1,2024-12-11,2024-12-19,2024-12
CMP465,Q1 2026 -- Events (Central),Events,Central,41642.17,38562.81,41453,2792,6932537.84,17877.3,2026-03-12,2026-03-23,2026-03
CMP466,Q4 2024 -- Content Marketing (East),Content Marketing,East,93482.59,78726.56,1606,202,434977.9,452.5,2024-12-06,2024-12-22,2024-12
CMP467,Enterprise 2025 -- Content Marketing (West),Content Marketing,West,22093.03,16637.98,35457,5705,5150440.37,30855.9,2025-01-10,2025-01-21,2025-01
CMP468,Product Launch 2026 -- Webinar (South),Webinar,South,67855.61,53607.89,1908,270,661163.56,1133.3,2026-02-08,2026-02-16,2026-02
CMP469,Enterprise 2026 -- Content Marketing (West),Content Marketing,West,53690.61,51880.06,7903,191,300816.45,479.8,2026-01-02,2026-01-17,2026-01
CMP470,Product Launch 2024 -- Email (South),Email,South,31442.12,28076.02,36621,1126,1405563.76,4906.3,2024-10-11,2024-10-19,2024-10
CMP471,Enterprise 2024 -- Content Marketing (North),Content Marketing,North,68343.32,60268.24,22791,3843,7821757.31,12878.2,2024-03-08,2024-03-26,2024-03
CMP472,Conversion 2025 -- Email (Central),Email,Central,9726.49,7969.72,38779,3655,6540631.74,81968.5,2025-08-14,2025-08-28,2025-08
CMP473,Enterprise 2024 -- Meta Ads (Central),Meta Ads,Central,66510.56,62734.56,39514,6535,5678166.13,8951.1,2024-02-10,2024-02-22,2024-02
CMP474,Product Launch 2025 -- Email (North),Email,North,39391.61,36391.58,37092,4812,11922449.85,32661.6,2025-04-11,2025-04-23,2025-04
CMP475,Regional 2024 -- Meta Ads (South),Meta Ads,South,16412.01,13148.7,26497,1548,3606099.59,27325.5,2024-06-14,2024-06-28,2024-06
CMP476,Awareness 2026 -- Webinar (Central),Webinar,Central,55411.45,50843.04,11649,888,234843.63,361.9,2026-04-13,2026-04-24,2026-04
CMP477,Conversion 2025 -- Google Ads (East),Google Ads,East,73635.55,62885.96,31190,1567,2228507.08,3443.7,2025-08-12,2025-08-23,2025-08
CMP478,SMB 2026 -- Meta Ads (Central),Meta Ads,Central,29903.32,25786.19,18691,1866,2942588.84,11311.5,2026-01-08,2026-01-26,2026-01
CMP479,Seasonal 2026 -- Content Marketing (East),Content Marketing,East,67187.51,30550.03,35395,2039,1295063.32,4139.2,2026-05-11,2026-05-28,2026-05
CMP480,Q3 2025 -- Events (Central),Events,Central,78437.02,75345.69,40284,2095,3745894.49,4871.6,2025-02-03,2025-02-15,2025-02
CMP481,Enterprise 2026 -- Email (East),Email,East,81936.31,35059.83,6035,669,967810.06,2660.5,2026-05-02,2026-05-11,2026-05
CMP482,Q1 2024 -- Meta Ads (Central),Meta Ads,Central,25224.31,19399.4,36579,3531,2328205.25,11901.4,2024-06-04,2024-06-21,2024-06
CMP483,Conversion 2025 -- Webinar (East),Webinar,East,75114.15,71037.84,24704,1411,1303970.69,1735.6,2025-09-03,2025-09-18,2025-09
CMP484,Q3 2025 -- Meta Ads (East),Meta Ads,East,61831.18,50651.57,36170,6256,4666448.16,9112.8,2025-12-03,2025-12-10,2025-12
CMP485,Enterprise 2024 -- Google Ads (Central),Google Ads,Central,61134.58,56006.2,13108,871,884688.73,1479.6,2024-03-09,2024-03-18,2024-03
CMP486,Q3 2026 -- Meta Ads (West),Meta Ads,West,60005.87,46245.08,42456,3974,4625848.97,9902.9,2026-02-13,2026-02-22,2026-02
CMP487,Retargeting 2024 -- Content Marketing (North),Content Marketing,North,73516.0,70648.74,24679,3796,6315784.95,8839.7,2024-10-11,2024-10-22,2024-10
CMP488,SMB 2025 -- LinkedIn (North),LinkedIn,North,73853.2,69809.27,37066,1209,1035557.63,1383.4,2025-08-12,2025-08-28,2025-08
CMP489,Retargeting 2026 -- Meta Ads (North),Meta Ads,North,35330.16,29586.73,33158,5570,1836734.39,6108.0,2026-03-04,2026-03-15,2026-03
CMP490,Q3 2025 -- Email (East),Email,East,90493.5,78263.92,3487,415,565058.89,622.0,2025-01-14,2025-01-28,2025-01
CMP491,Seasonal 2026 -- Email (South),Email,South,99222.08,79041.63,40295,2460,1522120.28,1825.7,2026-03-08,2026-03-25,2026-03
CMP492,Conversion 2026 -- Email (North),Email,North,48758.13,36626.67,34334,3637,3319147.11,8962.1,2026-04-15,2026-04-28,2026-04
CMP493,Product Launch 2025 -- Events (West),Events,West,66105.55,54084.03,7156,212,388936.63,619.1,2025-04-13,2025-04-28,2025-04
CMP494,Product Launch 2024 -- LinkedIn (North),LinkedIn,North,50024.61,45300.21,23059,1488,2267206.53,4904.8,2024-08-13,2024-08-28,2024-08
CMP495,Brand 2024 -- Google Ads (North),Google Ads,North,56841.26,51730.87,27440,3232,7609593.08,14610.0,2024-09-13,2024-09-21,2024-09
CMP496,Seasonal 2024 -- Meta Ads (North),Meta Ads,North,47588.33,47032.06,13971,1461,2954069.39,6181.0,2024-11-10,2024-11-20,2024-11
CMP497,Q1 2024 -- Google Ads (North),Google Ads,North,86233.66,71133.46,24411,2033,3377037.35,4647.5,2024-06-12,2024-06-26,2024-06
CMP498,Holiday 2026 -- LinkedIn (West),LinkedIn,West,84056.13,70067.57,21390,1399,3461805.08,4840.7,2026-02-07,2026-02-16,2026-02
CMP499,Holiday 2024 -- Meta Ads (North),Meta Ads,North,80339.44,72767.12,11316,487,359115.09,393.5,2024-04-06,2024-04-24,2024-04
CMP500,Q4 2025 -- Google Ads (East),Google Ads,East,68308.76,55143.51,25426,2066,611202.29,1008.4,2025-02-13,2025-02-27,2025-02
